{"stats":{"minecraft:custom":{"minecraft:jump":44,"minecraft:time_since_rest":18513,"minecraft:crouch_one_cm":245,"minecraft:leave_game":24,"minecraft:sprint_one_cm":655,"minecraft:play_time":18513,"minecraft:damage_taken":95,"minecraft:time_since_death":18513,"minecraft:walk_one_cm":12649,"minecraft:sneak_time":102,"minecraft:total_world_time":18513,"minecraft:drop":1,"minecraft:fall_one_cm":209,"minecraft:fly_one_cm":382},"minecraft:dropped":{"minecraft:birch_log":1},"minecraft:picked_up":{"minecraft:birch_log":2,"minecraft:dirt":15},"minecraft:used":{"minecraft:birch_log":1,"minecraft:dirt":15}},"DataVersion":3337}