{"stats":{"minecraft:picked_up":{"minecraft:birch_log":2,"minecraft:dirt":15},"minecraft:custom":{"minecraft:jump":34,"minecraft:time_since_rest":11026,"minecraft:sprint_one_cm":305,"minecraft:crouch_one_cm":245,"minecraft:leave_game":13,"minecraft:play_time":11026,"minecraft:damage_taken":95,"minecraft:time_since_death":11026,"minecraft:walk_one_cm":10689,"minecraft:sneak_time":102,"minecraft:total_world_time":11026,"minecraft:drop":1,"minecraft:fly_one_cm":129},"minecraft:dropped":{"minecraft:birch_log":1},"minecraft:used":{"minecraft:birch_log":1,"minecraft:dirt":15}},"DataVersion":3337}