{
  "minecraft:recipes/decorations/crafting_table": {
    "criteria": {
      "unlock_right_away": "2024-06-09 00:32:00 +0000"
    },
    "done": true
  },
  "minecraft:adventure/adventuring_time": {
    "criteria": {
      "minecraft:sparse_jungle": "2024-06-09 00:32:00 +0000",
      "minecraft:lukewarm_ocean": "2024-06-09 00:50:22 +0000",
      "minecraft:river": "2024-06-09 00:50:19 +0000",
      "minecraft:stony_shore": "2024-06-09 00:50:20 +0000",
      "minecraft:jungle": "2024-06-09 00:50:26 +0000"
    },
    "done": false
  },
  "DataVersion": 3337
}